0,1
 0.14218713343143463 , 0.8578128814697266
 0.9999998807907104 , 1.2774458468811645e-07
 0.028492525219917297 , 0.9715075492858887
 0.3286043703556061 , 0.6713956594467163
 0.6954398155212402 , 0.304560124874115
 0.9999998807907104 , 1.6219334497691307e-07
 0.9999990463256836 , 9.630367685531382e-07
 0.7363846898078918 , 0.26361528038978577
 0.7150374054908752 , 0.28496256470680237
 0.02773750200867653 , 0.9722625017166138
 0.219540536403656 , 0.780459463596344
 0.033946242183446884 , 0.9660537838935852
 0.9996401071548462 , 0.0003598566690925509
 0.9998189806938171 , 0.0001810838730307296
 0.8897958397865295 , 0.11020419001579285
 0.9335060715675354 , 0.06649387627840042
 0.9271543622016907 , 0.07284560054540634
 0.9997979998588562 , 0.00020197070261929184
 0.9745725393295288 , 0.02542744390666485
 0.9867451786994934 , 0.013254821300506592
 0.9998724460601807 , 0.0001274786627618596
 0.6052750945091248 , 0.39472487568855286
 0.9448094367980957 , 0.05519050359725952
 0.9999887943267822 , 1.125956441683229e-05
 0.999984860420227 , 1.5154664652072825e-05
 0.9993715882301331 , 0.0006284803384914994
 0.6665334701538086 , 0.33346644043922424
 0.9442147612571716 , 0.05578518658876419
 0.9846392869949341 , 0.015360637567937374
 0.6480857133865356 , 0.35191431641578674
 0.9970027804374695 , 0.002997175557538867
 0.978888213634491 , 0.021111775189638138
 0.9201138615608215 , 0.07988617569208145
 0.005446319468319416 , 0.9945536851882935
 0.0684276819229126 , 0.9315723776817322
 0.5856536626815796 , 0.4143463373184204
 0.9915642738342285 , 0.00843567680567503
 0.4877794682979584 , 0.5122206211090088
 0.922734797000885 , 0.0772651806473732
 0.9720759391784668 , 0.027924057096242905
 0.5245987772941589 , 0.47540128231048584
 0.9996098875999451 , 0.00039009778993204236
 0.4710627496242523 , 0.5289372205734253
 0.07889372110366821 , 0.9211062788963318
 0.9988511800765991 , 0.001148790935985744
 0.9999980926513672 , 1.8827206531568663e-06
 0.9695796370506287 , 0.030420389026403427
 0.999113142490387 , 0.0008868660661391914
 0.7273073792457581 , 0.2726925313472748
 0.8229314088821411 , 0.17706860601902008
 0.9532518982887268 , 0.04674813896417618
 0.25866982340812683 , 0.7413302063941956
 0.05222508683800697 , 0.9477749466896057
 0.09009041637182236 , 0.9099096655845642
 0.9917520880699158 , 0.008247915655374527
 0.49672776460647583 , 0.5032721757888794
 0.9999972581863403 , 2.701055791476392e-06
 0.9996479749679565 , 0.0003519727033562958
 0.26713448762893677 , 0.7328655123710632
 0.2920856177806854 , 0.707914412021637
 0.9506171345710754 , 0.04938284307718277
 0.7889838218688965 , 0.21101614832878113
 0.9999986886978149 , 1.2813127341360087e-06
 0.9383238554000854 , 0.061676107347011566
 0.9974363446235657 , 0.0025637252256274223
 0.9763298034667969 , 0.023670155555009842
 0.8444607853889465 , 0.15553922951221466
 0.7487795948982239 , 0.25122037529945374
 0.9994045495986938 , 0.0005954820080660284
 0.7239956855773926 , 0.27600428462028503
 0.997729480266571 , 0.002270504366606474
 0.999992847442627 , 7.095768978615524e-06
 0.6865293383598328 , 0.31347066164016724
 0.005599028896540403 , 0.9944009184837341
 0.9999969005584717 , 3.0869557576806983e-06
 0.061544448137283325 , 0.9384555220603943
 0.0004160149546805769 , 0.9995840191841125
 0.06932905316352844 , 0.9306709170341492
 0.9328230619430542 , 0.06717696040868759
 0.21408218145370483 , 0.7859178185462952
 0.9866276383399963 , 0.013372324407100677
 0.9575597047805786 , 0.042440321296453476
 0.8463021516799927 , 0.15369778871536255
 0.9774085879325867 , 0.022591423243284225
 0.7740311026573181 , 0.2259688377380371
 0.7922685146331787 , 0.2077314853668213
 0.00019266990420874208 , 0.9998072981834412
 0.9825031757354736 , 0.01749688945710659
 0.9781367182731628 , 0.021863343194127083
 0.838832437992096 , 0.16116757690906525
 0.9813392758369446 , 0.018660759553313255
 0.863122820854187 , 0.13687719404697418
 0.999998927116394 , 1.0189743306909804e-06
 0.02996812015771866 , 0.9700319170951843
 0.9078457355499268 , 0.09215425699949265
 0.20064899325370789 , 0.7993510365486145
 0.9697912335395813 , 0.03020871803164482
 1.0 , 5.1273840284693506e-08
 0.9687665700912476 , 0.031233448535203934
 0.01677018404006958 , 0.9832298159599304
 0.914023220539093 , 0.08597683161497116
 0.9979932308197021 , 0.0020067961886525154
 0.35495346784591675 , 0.645046591758728
 0.8496587872505188 , 0.1503412127494812
 0.44905632734298706 , 0.5509436726570129
 0.01893496885895729 , 0.9810649752616882
 0.025470511987805367 , 0.9745295643806458
 0.9647420644760132 , 0.03525788336992264
 0.2584851086139679 , 0.7415148615837097
 0.17555031180381775 , 0.8244496583938599
 0.9956303834915161 , 0.004369664471596479
 0.8064199090003967 , 0.19358009099960327
 0.0003215793985873461 , 0.9996784925460815
 0.01214111689478159 , 0.9878588318824768
 0.9842511415481567 , 0.015748873353004456
 0.9008262753486633 , 0.09917373210191727
 0.24079449474811554 , 0.7592055797576904
 0.9809591174125671 , 0.01904088445007801
 0.9991211295127869 , 0.0008788865525275469
 0.9999833106994629 , 1.668733239057474e-05
 0.8478158712387085 , 0.1521841436624527
 0.5529339909553528 , 0.4470660090446472
 0.768887460231781 , 0.2311125546693802
 6.531193503178656e-05 , 0.9999346733093262
 0.9986734390258789 , 0.0013265351299196482
 0.7362865805625916 , 0.26371341943740845
 0.9987366795539856 , 0.0012633029837161303
 1.0 , 2.426945588940299e-10
 0.9999971389770508 , 2.806211568895378e-06
 0.9573286771774292 , 0.04267124831676483
 0.9999998807907104 , 1.150607857880459e-07
 0.24859219789505005 , 0.7514077425003052
 0.2080318033695221 , 0.7919682264328003
 0.9052894115447998 , 0.0947105884552002
 0.7424666881561279 , 0.2575332820415497
 0.00014753569848835468 , 0.9998524188995361
 0.4829934239387512 , 0.5170065760612488
 0.9649426341056824 , 0.03505735471844673
 0.6850188374519348 , 0.3149811029434204
 0.4904767870903015 , 0.5095231533050537
 0.7638274431228638 , 0.23617257177829742
 0.99962317943573 , 0.000376750627765432
 0.08701089769601822 , 0.9129891395568848
 0.9452094435691833 , 0.054790619760751724
 0.7599538564682007 , 0.24004609882831573
 0.025660905987024307 , 0.9743391275405884
 0.0016631449107080698 , 0.9983367919921875
 9.663485252531245e-05 , 0.9999033212661743
 0.8421834707260132 , 0.15781652927398682
 0.8687005639076233 , 0.1312994509935379
 0.0005257081356830895 , 0.9994743466377258
 0.9514669179916382 , 0.04853309318423271
 0.999944806098938 , 5.516702731256373e-05
 0.1727301925420761 , 0.8272697329521179
 0.5069624781608582 , 0.49303752183914185
 0.7171240448951721 , 0.28287598490715027
 0.9563625454902649 , 0.0436374805867672
 0.9997950196266174 , 0.00020502586266957223
 0.9056864976882935 , 0.09431345015764236
 0.8294574022293091 , 0.17054253816604614
 0.264992892742157 , 0.735007107257843
 0.996170699596405 , 0.0038292789831757545
 0.7505751252174377 , 0.24942488968372345
 0.9459458589553833 , 0.05405418574810028
 0.977471649646759 , 0.02252832241356373
 0.1008613258600235 , 0.8991386890411377
 0.6463833451271057 , 0.3536165952682495
 0.7981703281402588 , 0.20182965695858002
 0.08171433955430984 , 0.9182857275009155
 0.6620989441871643 , 0.3379010856151581
 0.6134521961212158 , 0.38654783368110657
 0.13994328677654266 , 0.8600566983222961
 0.9685937762260437 , 0.031406186521053314
 0.9999998807907104 , 1.3868567805275234e-07
 0.0008732578135095537 , 0.9991267323493958
 0.2106083482503891 , 0.7893916964530945
 0.9912279844284058 , 0.008771953172981739
 0.9999998807907104 , 1.6028798199840821e-07
 0.3247315585613251 , 0.6752684712409973
 0.9899026155471802 , 0.010097418911755085
 0.9990783929824829 , 0.0009216320468112826
 0.7197659611701965 , 0.28023406863212585
 0.6527543663978577 , 0.34724557399749756
 0.9454007744789124 , 0.05459929257631302
 0.27807196974754333 , 0.7219280004501343
 0.2172544151544571 , 0.7827455997467041
 0.9985950589179993 , 0.0014048883458599448
 0.9432346224784851 , 0.05676539987325668
 0.7156588435173035 , 0.2843411862850189
 0.9931116104125977 , 0.006888434290885925
 0.027239829301834106 , 0.9727601408958435
 0.9917178153991699 , 0.008282157592475414
 0.09961014240980148 , 0.9003898501396179
 0.1896992027759552 , 0.8103007674217224
 0.9999996423721313 , 3.934239032332698e-07
 0.9526438117027283 , 0.04735619202256203
 0.818290114402771 , 0.18170981109142303
 0.9557098150253296 , 0.044290244579315186
 0.9772818088531494 , 0.022718213498592377
 0.4356515407562256 , 0.5643485188484192
 0.998369038105011 , 0.0016310083447024226
 0.626666247844696 , 0.37333378195762634
 0.8701646327972412 , 0.1298353224992752
 0.9999994039535522 , 6.179440674713987e-07
 0.0439344085752964 , 0.9560655355453491
 0.788286566734314 , 0.211713507771492
 0.7329543232917786 , 0.26704561710357666
 0.23690830171108246 , 0.7630916833877563
 0.8251051306724548 , 0.17489486932754517
 0.04950657859444618 , 0.9504933953285217
 0.7707425951957703 , 0.22925743460655212
 0.9988721013069153 , 0.0011278957827016711
 0.9997498393058777 , 0.0002501984708942473
 0.9636355042457581 , 0.03636448085308075
 0.1265588253736496 , 0.873441219329834
 0.10329955816268921 , 0.896700382232666
 0.7804662585258484 , 0.219533771276474
 0.9998859167098999 , 0.00011410225852159783
 0.43679332733154297 , 0.563206672668457
 0.6954398155212402 , 0.304560124874115
 0.000652556773275137 , 0.9993473887443542
 0.9268853664398193 , 0.07311464846134186
 0.13216689229011536 , 0.8678330779075623
 0.6962818503379822 , 0.3037181794643402
 0.8674739003181458 , 0.13252609968185425
 0.8686173558235168 , 0.13138261437416077
 0.6154302358627319 , 0.38456979393959045
 0.9990122318267822 , 0.0009877552511170506
 0.9316735863685608 , 0.06832639127969742
 0.075520820915699 , 0.9244792461395264
 0.4825820326805115 , 0.5174179673194885
 0.9978647828102112 , 0.002135269111022353
 0.12941883504390717 , 0.8705810904502869
 0.9805179834365845 , 0.019482005387544632
 0.9998793601989746 , 0.00012066494673490524
 0.9242671728134155 , 0.07573283463716507
 0.9045271277427673 , 0.09547286480665207
 0.11625754088163376 , 0.8837424516677856
 0.9915385842323303 , 0.008461358025670052
 0.9309925436973572 , 0.06900737434625626
 0.7797099947929382 , 0.22029003500938416
 0.607510507106781 , 0.392489492893219
 0.9998014569282532 , 0.00019860360771417618
 0.152606800198555 , 0.8473932147026062
 0.9998326301574707 , 0.00016731688810978085
 0.6816630363464355 , 0.31833696365356445
 0.8451457023620605 , 0.15485423803329468
 0.9996849298477173 , 0.0003151441633235663
 0.6413407921791077 , 0.35865917801856995
 0.8032222390174866 , 0.19677776098251343
 0.992928683757782 , 0.007071266882121563
 0.9958211183547974 , 0.004178897012025118
 0.9870616793632507 , 0.012938285246491432
 0.4231356978416443 , 0.5768643617630005
 0.3923807442188263 , 0.6076192855834961
 0.9846441745758057 , 0.015355806797742844
 0.9999977350234985 , 2.211215360148344e-06
 0.6173280477523804 , 0.38267192244529724
 0.999541163444519 , 0.0004589020099956542
 0.23155885934829712 , 0.7684411406517029
 0.9652387499809265 , 0.0347612202167511
 0.9812977313995361 , 0.018702220171689987
 0.19592396914958954 , 0.8040760159492493
 0.9287816286087036 , 0.07121837139129639
 0.6632283926010132 , 0.3367716372013092
 0.9605129361152649 , 0.039487097412347794
 0.5569548010826111 , 0.4430451989173889
 0.673765242099762 , 0.32623472809791565
 0.9828300476074219 , 0.017169883474707603
 0.9991689920425415 , 0.00083097571041435
 0.2575392723083496 , 0.7424607276916504
 0.0594821497797966 , 0.940517783164978
 0.11805921792984009 , 0.8819407820701599
 0.999987006187439 , 1.3025425687374081e-05
 0.9988077878952026 , 0.0011921891709789634
 0.9999572038650513 , 4.282462759874761e-05
 0.9902051687240601 , 0.009794915094971657
 0.9999996423721313 , 3.9169842125375e-07
 0.4345915913581848 , 0.5654084086418152
 0.9999710321426392 , 2.893965574912727e-05
 0.9999101161956787 , 8.984787564259022e-05
 0.9982050657272339 , 0.0017949064495041966
 0.12246455997228622 , 0.8775354623794556
 0.9934788942337036 , 0.006521065719425678
 0.9119605422019958 , 0.08803945034742355
 0.9988604784011841 , 0.0011395105393603444
 0.9531028270721436 , 0.04689716920256615
 0.6451345086097717 , 0.35486552119255066
 0.5200219750404358 , 0.47997793555259705
 0.8050422072410583 , 0.19495780766010284
 0.5928230285644531 , 0.40717700123786926
 0.9968658089637756 , 0.003134196624159813
 1.0 , 1.5875557535238727e-09
 0.844669759273529 , 0.15533018112182617
 0.5983089804649353 , 0.4016910791397095
 0.9420853853225708 , 0.057914573699235916
 0.680480420589447 , 0.319519579410553
 0.916404664516449 , 0.08359535783529282
 0.011034548282623291 , 0.9889655113220215
 0.10697173327207565 , 0.8930282592773438
 0.0019495785236358643 , 0.9980504512786865
 0.015315787866711617 , 0.9846842885017395
 0.015590384602546692 , 0.9844095706939697
 7.938134513096884e-05 , 0.9999206066131592
 0.03890065476298332 , 0.96109938621521
 0.8486502170562744 , 0.15134979784488678
 0.002984446007758379 , 0.9970155954360962
 4.3424843170214444e-05 , 0.9999566078186035
 0.0006720491801388562 , 0.9993280172348022
 0.0027824195567518473 , 0.9972175359725952
 0.04111139476299286 , 0.9588886499404907
 0.007077845279127359 , 0.9929220676422119
 0.00041866651736199856 , 0.9995812773704529
 5.238058656686917e-05 , 0.9999476671218872
 0.0060273343697190285 , 0.9939725995063782
 0.0005290199187584221 , 0.9994710087776184
 0.04000179097056389 , 0.9599981904029846
 0.4741153120994568 , 0.5258846879005432
 0.0007047497201710939 , 0.9992952346801758
 0.8151389360427856 , 0.18486107885837555
 0.00019206502474844456 , 0.9998080134391785
 0.0269515048712492 , 0.9730484485626221
 5.5262804380618036e-05 , 0.9999446868896484
 4.4053496822016314e-05 , 0.9999558925628662
 0.006011825054883957 , 0.9939881563186646
 0.0004655098309740424 , 0.9995344877243042
 0.0017213934333994985 , 0.9982786178588867
 1.3486652278515976e-05 , 0.9999865293502808
 1.4480495337920729e-05 , 0.9999855756759644
 0.10619746893644333 , 0.8938025832176208
 0.0008614914258942008 , 0.9991384744644165
 0.00010682713764254004 , 0.9998931884765625
 0.014901688322424889 , 0.9850983619689941
 0.0021909154020249844 , 0.997809112071991
 0.04235430061817169 , 0.9576457142829895
 0.0006207576370798051 , 0.9993791580200195
 0.00023377359320875257 , 0.9997662901878357
 0.015399732626974583 , 0.9846002459526062
 1.1656461538223084e-05 , 0.999988317489624
 0.0254663098603487 , 0.97453373670578
 4.392040136735886e-05 , 0.9999561309814453
 0.0015488214557990432 , 0.9984511137008667
 0.5564387440681458 , 0.44356128573417664
 1.649819387239404e-05 , 0.999983549118042
 0.011252649128437042 , 0.9887474179267883
 0.0015578351449221373 , 0.9984422326087952
 0.011252649128437042 , 0.9887474179267883
 0.0008967043831944466 , 0.999103307723999
 0.002279300009831786 , 0.9977206587791443
 0.0002681387704797089 , 0.9997318387031555
 6.254118488868698e-05 , 0.9999374151229858
 0.3165242373943329 , 0.6834757924079895
 1.7263761037611403e-05 , 0.9999827146530151
 0.030530881136655807 , 0.9694691300392151
 6.773130394321925e-07 , 0.9999992847442627
 3.054435001104139e-05 , 0.999969482421875
 3.1461800972465426e-05 , 0.9999685287475586
 9.454606333747506e-05 , 0.9999054670333862
 4.392040136735886e-05 , 0.9999561309814453
 0.0015488214557990432 , 0.9984511137008667
 0.015399732626974583 , 0.9846002459526062
 1.1656461538223084e-05 , 0.999988317489624
 0.00023377359320875257 , 0.9997662901878357
 0.0254663098603487 , 0.97453373670578
 1.4480495337920729e-05 , 0.9999855756759644
 0.10619746893644333 , 0.8938025832176208
 0.0008614914258942008 , 0.9991384744644165
 0.00010682713764254004 , 0.9998931884765625
 0.014901688322424889 , 0.9850983619689941
 0.0021909154020249844 , 0.997809112071991
 0.04235430061817169 , 0.9576457142829895
 0.0006207576370798051 , 0.9993791580200195
 0.0006235850742086768 , 0.9993764758110046
 0.8151389360427856 , 0.18486107885837555
 0.00019206502474844456 , 0.9998080134391785
 0.0269515048712492 , 0.9730484485626221
 5.5262804380618036e-05 , 0.9999446868896484
 4.4053496822016314e-05 , 0.9999558925628662
 0.006011825054883957 , 0.9939881563186646
 0.0017213934333994985 , 0.9982786178588867
 1.3486652278515976e-05 , 0.9999865293502808
 0.00041866651736199856 , 0.9995812773704529
 4.063667347509181e-06 , 0.9999959468841553
 0.0012115574209019542 , 0.9987884163856506
 0.0007252555224113166 , 0.9992747902870178
 0.0024822955019772053 , 0.9975177049636841
 0.34480854868888855 , 0.6551914215087891
 1.6872812921064906e-05 , 0.9999830722808838
 0.14552681148052216 , 0.8544732332229614
 0.26263782382011414 , 0.7373621463775635
 0.004303568508476019 , 0.9956964254379272
 0.0006702157552354038 , 0.9993298053741455
 0.8066624402999878 , 0.1933375597000122
 0.0020711105316877365 , 0.9979288578033447
 0.3267897963523865 , 0.6732102036476135
 0.029273061081767082 , 0.9707269668579102
 0.030795389786362648 , 0.9692045450210571
 0.0018905443139374256 , 0.9981094598770142
 6.668770947726443e-05 , 0.9999333620071411
 0.01345481351017952 , 0.9865452647209167
 0.01699075661599636 , 0.9830092787742615
 0.04462767019867897 , 0.9553723931312561
 0.00011488176096463576 , 0.999885082244873
 0.051017921417951584 , 0.9489821195602417
 0.0025674833450466394 , 0.9974325299263
 0.024843132123351097 , 0.9751569032669067
 0.0007196965161710978 , 0.9992802739143372
 0.0006521334289573133 , 0.9993478655815125
 0.0019394895061850548 , 0.9980605244636536
 0.01096871867775917 , 0.9890312552452087
 0.0009507897775620222 , 0.9990492463111877
 0.07735744118690491 , 0.9226425290107727
 0.01379985548555851 , 0.986200213432312
 0.09933275729417801 , 0.9006671905517578
 0.11497461795806885 , 0.8850253820419312
 0.33531567454338074 , 0.6646843552589417
 0.18667806684970856 , 0.8133219480514526
 0.016798486933112144 , 0.9832014441490173
 0.1323649287223816 , 0.8676350712776184
 0.024507852271199226 , 0.9754921197891235
 0.0005404248367995024 , 0.9994595646858215
 0.016689499840140343 , 0.9833104610443115
 0.00016928737750276923 , 0.9998307228088379
 0.17164288461208344 , 0.8283570408821106
 0.0028516866732388735 , 0.997148334980011
 0.9433014392852783 , 0.05669854208827019
 0.03351805359125137 , 0.9664819240570068
 0.03682640567421913 , 0.9631735682487488
 0.8922168612480164 , 0.10778310149908066
 0.09073962271213531 , 0.9092603921890259
 0.017697254195809364 , 0.982302725315094
 0.0004891243297606707 , 0.9995108842849731
 0.024069368839263916 , 0.9759306311607361
 0.4608519375324249 , 0.5391479730606079
 0.00612042797729373 , 0.9938795566558838
 0.7994535565376282 , 0.20054641366004944
 0.04080062359571457 , 0.9591993689537048
 0.0007008991087786853 , 0.9992990493774414
 0.09311659634113312 , 0.9068834185600281
 0.007285435218364 , 0.9927145838737488
 0.20836961269378662 , 0.7916303873062134
 0.0001290904328925535 , 0.9998708963394165
 0.0012386793969199061 , 0.9987612962722778
 0.0017392425797879696 , 0.9982607960700989
 0.0013649635948240757 , 0.9986349940299988
 0.005997993052005768 , 0.9940020442008972
 0.03605271130800247 , 0.9639473557472229
 0.08566468209028244 , 0.9143353700637817
 0.1002209484577179 , 0.8997790813446045
 1.6213829439948313e-05 , 0.9999837875366211
 0.21967874467372894 , 0.7803212404251099
 0.1262439489364624 , 0.8737559914588928
 0.0031601516529917717 , 0.9968398809432983
 0.12717026472091675 , 0.8728297352790833
 0.0026061013340950012 , 0.9973938465118408
 0.0004124433035030961 , 0.9995875954627991
 0.012797841802239418 , 0.9872021079063416
 0.011222162283957005 , 0.9887778162956238
 0.00018349423771724105 , 0.9998164772987366
 0.0006551822298206389 , 0.9993447661399841
 0.011623079888522625 , 0.9883769154548645
 0.02553522400557995 , 0.9744647741317749
 0.003316313261166215 , 0.996683657169342
 0.11642885953187943 , 0.883571207523346
 0.7162635326385498 , 0.2837364077568054
 0.0038948357105255127 , 0.9961051940917969
 0.015453348867595196 , 0.9845466017723083
 9.541100735077634e-05 , 0.9999046325683594
 0.023100338876247406 , 0.9768996238708496
 2.9370494303293526e-05 , 0.9999706745147705
 0.0008917463128454983 , 0.9991082549095154
 0.0008236847352236509 , 0.9991763234138489
 0.00024055501853581518 , 0.9997594952583313
 0.007074670400470495 , 0.9929254055023193
 0.0005855215131305158 , 0.9994144439697266
 0.1699240356683731 , 0.8300759196281433
 8.280935435323045e-05 , 0.9999171495437622
 0.06308011710643768 , 0.9369198679924011
 0.014606588520109653 , 0.9853934645652771
 0.004266984295099974 , 0.9957330822944641
 0.028522858396172523 , 0.9714771509170532
 0.010286688804626465 , 0.9897133111953735
 3.214454045519233e-05 , 0.9999678134918213
 0.0023551657795906067 , 0.99764484167099
 6.336549267871305e-05 , 0.999936580657959
 8.134119707392529e-05 , 0.9999186992645264
 8.637243240627868e-07 , 0.9999991655349731
 0.0027077803388237953 , 0.9972922205924988
 6.796904926886782e-06 , 0.9999932050704956
 0.02333948388695717 , 0.9766604900360107
 0.0030218069441616535 , 0.9969781637191772
 0.030094558373093605 , 0.9699053764343262
 0.010829639621078968 , 0.9891703724861145
 0.10280007869005203 , 0.8971999883651733
 0.0004124484257772565 , 0.9995875954627991
 0.00011922975681954995 , 0.9998807907104492
 0.0055348994210362434 , 0.9944650530815125
 7.29774110368453e-05 , 0.9999270439147949
 0.01348403561860323 , 0.986515998840332
 0.003989345859736204 , 0.9960106611251831
 0.005410121753811836 , 0.9945899248123169
 0.02303249202668667 , 0.976967453956604
 0.14823757112026215 , 0.8517624735832214
 0.17471818625926971 , 0.8252817988395691
 0.0019278830150142312 , 0.9980721473693848
 0.003546737600117922 , 0.9964532852172852
 0.0039527700282633305 , 0.9960471987724304
 0.022203970700502396 , 0.9777960181236267
 0.0004693105584010482 , 0.9995306730270386
 7.185135473264381e-05 , 0.9999281167984009
 0.0015080608427524567 , 0.9984918832778931
 0.001440995023585856 , 0.9985590577125549
 0.2318154275417328 , 0.7681846022605896
 0.00019942049402743578 , 0.9998006224632263
 0.0006927251815795898 , 0.9993072748184204
 0.0052232216112315655 , 0.994776725769043
 0.001191595452837646 , 0.9988083839416504
 0.000693828915245831 , 0.9993062019348145
 0.0023624910973012447 , 0.9976375102996826
 2.3570570192532614e-05 , 0.999976396560669
 0.04739243909716606 , 0.9526075720787048
 0.00017416795890312642 , 0.9998258948326111
 0.0026109693571925163 , 0.997389018535614
 6.337322702165693e-05 , 0.999936580657959
 0.0013582634273916483 , 0.9986417889595032
 0.0006969867972657084 , 0.9993029832839966
 0.018662849441170692 , 0.9813371300697327
 0.0008455329807475209 , 0.9991544485092163
 0.004257104825228453 , 0.9957428574562073
 4.7608318709535524e-05 , 0.9999524354934692
 6.793155625928193e-05 , 0.999932050704956
 0.7047168016433716 , 0.29528316855430603
 2.204599695687648e-06 , 0.9999978542327881
 1.1464130693639163e-05 , 0.9999885559082031
 2.1882962755626068e-05 , 0.9999780654907227
 0.000211291408049874 , 0.9997887015342712
 0.04265017807483673 , 0.9573497772216797
 0.00034140064963139594 , 0.9996585845947266
 0.0007754989783279598 , 0.9992245435714722
 0.0001992868637898937 , 0.9998007416725159
 0.01335242111235857 , 0.9866476058959961
 0.004186949227005243 , 0.9958130717277527
 0.00046147103421390057 , 0.9995385408401489
 0.0006919047445990145 , 0.9993081092834473
 0.01798637956380844 , 0.9820136427879333
 0.0009306774591095746 , 0.9990693926811218
 0.0062230294570326805 , 0.9937770366668701
 0.0013805563794448972 , 0.9986194372177124
 0.012717354111373425 , 0.9872826337814331
 0.10697173327207565 , 0.8930282592773438
 0.0025443206541240215 , 0.9974556565284729
 0.2134017050266266 , 0.786598265171051
 0.005553455092012882 , 0.9944465160369873
 0.0013015602016821504 , 0.998698353767395
 0.00014942947018425912 , 0.9998505115509033
 0.00030905709718354046 , 0.9996910095214844
 0.004589871037751436 , 0.995410144329071
 0.025538437068462372 , 0.9744616150856018
 0.007807111833244562 , 0.9921929240226746
 0.08173252642154694 , 0.9182674288749695
 7.938134513096884e-05 , 0.9999206066131592
 0.03890065476298332 , 0.96109938621521
 0.8486502170562744 , 0.15134979784488678
 0.0009306774591095746 , 0.9990693926811218
 0.00948038324713707 , 0.990519642829895
 0.0013805563794448972 , 0.9986194372177124
 0.01108101848512888 , 0.9889189600944519
 0.14987890422344208 , 0.8501210808753967
 0.9139377474784851 , 0.08606226742267609
 0.8802019357681274 , 0.11979799717664719
 0.9629053473472595 , 0.0370946042239666
 0.46169498562812805 , 0.5383049845695496
 0.9945613741874695 , 0.005438601598143578
 0.9858567714691162 , 0.0141432024538517
 0.9776520133018494 , 0.022347981110215187
 0.9997596144676208 , 0.0002403759426670149
 1.0 , 2.1499588775952816e-09
 0.9667971730232239 , 0.03320278972387314
 1.0 , 2.6583601986374106e-10
 0.999971866607666 , 2.8189604563522153e-05
 0.9981710910797119 , 0.001828905544243753
 0.9600091576576233 , 0.0399908609688282
 0.26621970534324646 , 0.7337803244590759
 0.23575294017791748 , 0.7642470598220825
 0.8149035573005676 , 0.18509644269943237
 0.87868332862854 , 0.12131662666797638
 0.9999982118606567 , 1.79099993147247e-06
 0.9999961853027344 , 3.7560894270427525e-06
 0.754971444606781 , 0.2450285106897354
 0.9598250389099121 , 0.040174975991249084
 0.9998138546943665 , 0.0001862213248386979
 0.14357593655586243 , 0.8564239740371704
 0.7024607062339783 , 0.29753926396369934
 0.1606827825307846 , 0.8393172025680542
 1.0 , 5.467683528159739e-10
 0.9999828338623047 , 1.716504993964918e-05
 0.16108252108097076 , 0.8389174938201904
 0.9141761064529419 , 0.08582383394241333
 0.7468159794807434 , 0.2531840205192566
 0.9999842643737793 , 1.5720672308816575e-05
 0.9999995231628418 , 5.202857096264779e-07
 1.0 , 1.5394729047102373e-08
 0.6799126267433167 , 0.32008740305900574
 0.9086456894874573 , 0.0913543552160263
 1.0 , 3.509079249397473e-08
 0.9682379364967346 , 0.03176213428378105
 0.9982640147209167 , 0.0017360011115670204
 0.9999998807907104 , 9.264679334819448e-08
 0.9993777275085449 , 0.0006221942603588104
 0.9997792840003967 , 0.00022070186969358474
 0.999974250793457 , 2.5783154342207126e-05
 0.9998396635055542 , 0.00016036696615628898
 0.9976674914360046 , 0.0023324592038989067
 0.9940279722213745 , 0.005972013343125582
 0.06741578876972198 , 0.9325842261314392
 0.9966410398483276 , 0.003358992747962475
 0.9823371171951294 , 0.01766281947493553
 0.9994245767593384 , 0.0005754310986958444
 0.8534955382347107 , 0.1465044617652893
 1.0 , 1.1118220788475242e-09
 0.998556911945343 , 0.001443046610802412
 0.9993152618408203 , 0.0006847669137641788
 0.1346123367547989 , 0.8653876781463623
 0.5193031430244446 , 0.4806968867778778
 0.8195803165435791 , 0.18041960895061493
 0.9652873873710632 , 0.03471260145306587
 0.9999703168869019 , 2.9704086045967415e-05
 0.9869289398193359 , 0.013071074150502682
 0.9999974966049194 , 2.52848212767276e-06
 0.9971551895141602 , 0.0028447946533560753
 0.9999805688858032 , 1.9420220269239508e-05
 0.9998002648353577 , 0.00019974647148046643
 0.9253599047660828 , 0.07464004307985306
 0.9999719858169556 , 2.7983149266219698e-05
 1.0 , 1.7642840077769506e-08
 1.0 , 3.78142983592511e-09
 0.9808580279350281 , 0.01914200186729431
 0.6827024221420288 , 0.3172975778579712
 0.8092679977416992 , 0.19073200225830078
 0.8841830492019653 , 0.11581698805093765
 0.9399523735046387 , 0.06004761531949043
 0.29508107900619507 , 0.7049189209938049
 0.9938799142837524 , 0.006120019126683474
 0.9855351448059082 , 0.014464857056736946
 0.8205872178077698 , 0.17941273748874664
 0.9637033939361572 , 0.03629665449261665
 0.0006317556253634393 , 0.9993682503700256
 0.04952150210738182 , 0.9504785537719727
 0.00010101621592184529 , 0.9998990297317505
 0.024829763919115067 , 0.9751701951026917
 0.2563246488571167 , 0.7436753511428833
 0.5263410806655884 , 0.473658949136734
 0.0101398266851902 , 0.9898602366447449
 0.026415033265948296 , 0.9735850095748901
 3.77599717467092e-05 , 0.9999622106552124
 0.00019673167844302952 , 0.9998032450675964
 0.004590360913425684 , 0.9954096674919128
 0.0006676939083263278 , 0.9993322491645813
 0.0001544409606140107 , 0.9998455047607422
 0.17103540897369385 , 0.8289645910263062
 0.00023972528288140893 , 0.9997603297233582
 0.05983077734708786 , 0.9401692152023315
 0.08898138254880905 , 0.9110185503959656
 0.022739559412002563 , 0.977260410785675
 0.021865051239728928 , 0.9781349897384644
 0.0012573536951094866 , 0.9987426400184631
 0.0020919381640851498 , 0.9979081153869629
 0.0012203373480588198 , 0.9987797141075134
 0.00016317286645062268 , 0.999836802482605
 0.18825525045394897 , 0.8117448091506958
 0.05716762691736221 , 0.9428324103355408
 0.0024286890402436256 , 0.9975712895393372
 0.00038434029556810856 , 0.9996156692504883
 0.023989418521523476 , 0.9760105609893799
 0.06171929091215134 , 0.9382807612419128
 0.00594358379021287 , 0.9940563440322876
 0.008890419267117977 , 0.9911096096038818
 0.6146180033683777 , 0.3853820264339447
 0.0005214416887611151 , 0.9994786381721497
 0.0013198459055274725 , 0.9986801743507385
 0.0007005852530710399 , 0.9992994070053101
 0.010762806981801987 , 0.9892372488975525
 4.727145642391406e-05 , 0.9999526739120483
 0.06735799461603165 , 0.9326419830322266
 0.0008337513427250087 , 0.9991662502288818
 0.0006555164000019431 , 0.999344527721405
 0.008425501175224781 , 0.9915744662284851
 0.00020914015476591885 , 0.9997908473014832
 0.1562066227197647 , 0.8437933921813965
 0.005719535984098911 , 0.9942804574966431
 0.009181956760585308 , 0.9908180236816406
 0.045142531394958496 , 0.9548574686050415
 0.014743310399353504 , 0.9852566123008728
 0.0007250592461787164 , 0.9992749094963074
 0.006083640269935131 , 0.9939163327217102
 0.03276127576828003 , 0.96723872423172
 0.0429065115749836 , 0.9570935368537903
 9.727491124067456e-05 , 0.9999027252197266
 0.060309045016765594 , 0.9396909475326538
 0.3670862317085266 , 0.6329137682914734
 0.9692291021347046 , 0.030770940706133842
 0.8819878101348877 , 0.11801222711801529
 0.05234434828162193 , 0.9476556777954102
 0.08479736745357513 , 0.9152026176452637
 0.44749733805656433 , 0.5525027513504028
 0.029604602605104446 , 0.9703953862190247
 0.07893971353769302 , 0.9210602641105652
 0.07186691462993622 , 0.9281330704689026
 0.009689455851912498 , 0.9903106093406677
 0.0004928807029500604 , 0.9995070695877075
 0.2644349932670593 , 0.7355649471282959
 0.664072573184967 , 0.33592742681503296
 0.0002565183094702661 , 0.9997435212135315
 0.03854857385158539 , 0.9614514112472534
 0.8543651103973389 , 0.14563490450382233
 8.057213563006371e-05 , 0.9999194145202637
 4.515275577432476e-05 , 0.9999548196792603
 0.8485671281814575 , 0.15143290162086487
 0.6515026688575745 , 0.34849730134010315
 0.1353009045124054 , 0.8646990656852722
 0.01853141188621521 , 0.9814685583114624
 0.009725724346935749 , 0.9902742505073547
 0.030139116570353508 , 0.969860851764679
 0.15126796066761017 , 0.848732054233551
 0.02027861773967743 , 0.9797214269638062
 0.1641228049993515 , 0.8358772397041321
 0.030758768320083618 , 0.969241201877594
 0.8475261330604553 , 0.15247385203838348
 0.03746483847498894 , 0.9625350832939148
 0.06111367791891098 , 0.9388864040374756
 0.003673932980746031 , 0.9963260293006897
 0.0032434007152915 , 0.9967566132545471
 0.005559998098760843 , 0.9944400787353516
 0.001548044616356492 , 0.9984519481658936
 0.24771709740161896 , 0.7522829174995422
 0.23243026435375214 , 0.7675697207450867
 0.5395151376724243 , 0.4604848325252533
 0.09451454132795334 , 0.9054853916168213
 0.1890133172273636 , 0.8109866976737976
 0.19542060792446136 , 0.8045793771743774
 0.0009937655413523316 , 0.9990062117576599
 0.011455036699771881 , 0.9885450005531311
 0.000314544711727649 , 0.999685525894165
 0.005444209557026625 , 0.9945558309555054
 0.4244077205657959 , 0.5755922794342041
 0.03800090029835701 , 0.9619990587234497
 0.014318310655653477 , 0.9856817722320557
 0.09286922216415405 , 0.9071307182312012
 0.006725205574184656 , 0.9932748079299927
 0.00011556306708371267 , 0.9998843669891357
 0.3155202567577362 , 0.6844797730445862
 0.06002127006649971 , 0.9399787187576294
 0.8388382196426392 , 0.16116178035736084
 0.031073682010173798 , 0.9689263701438904
 0.2581142783164978 , 0.7418857216835022
 0.11092455685138702 , 0.8890753984451294
 0.05042906850576401 , 0.949570894241333
 0.002453303663060069 , 0.9975467324256897
 0.11662109196186066 , 0.8833789229393005
 0.7119866609573364 , 0.28801342844963074
 0.001740340841934085 , 0.9982597231864929
 0.12624157965183258 , 0.8737584352493286
 0.8233463168144226 , 0.17665362358093262
 0.0018893263768404722 , 0.9981106519699097
 0.16453039646148682 , 0.8354696035385132
 0.013655448332428932 , 0.986344575881958
 0.0009318117517977953 , 0.9990682005882263
 0.18815957009792328 , 0.8118404746055603
 8.376798359677196e-05 , 0.9999161958694458
 0.040627315640449524 , 0.9593726992607117
 0.273640513420105 , 0.726359486579895
 0.014566156081855297 , 0.98543381690979
 0.015787998214364052 , 0.9842119812965393
 0.019182410091161728 , 0.9808175563812256
 0.23850710690021515 , 0.761492908000946
 0.09849169850349426 , 0.9015083312988281
 0.12491020560264587 , 0.8750897645950317
 0.0076581453904509544 , 0.9923418760299683
 0.18959322571754456 , 0.8104067444801331
 0.006637012120336294 , 0.9933630228042603
 0.2221750169992447 , 0.7778249979019165
 4.01579454774037e-05 , 0.9999598264694214
 0.3793127238750458 , 0.6206872463226318
 0.05798671022057533 , 0.9420133233070374
 0.9471443891525269 , 0.052855636924505234
 1.0 , 8.573099563591313e-09
 0.9999996423721313 , 3.9661546225033817e-07
 0.9999735355377197 , 2.647180372150615e-05
 0.999985933303833 , 1.4033175830263644e-05
 0.5227801203727722 , 0.4772198796272278
 0.9989938139915466 , 0.0010062332730740309
 0.9999687671661377 , 3.1190931622404605e-05
 0.9999966621398926 , 3.320234327475191e-06
 0.976978600025177 , 0.023021385073661804
 0.9950762391090393 , 0.004923725035041571
 0.9999997615814209 , 1.8980611571350892e-07
 0.9999909400939941 , 9.109957318287343e-06
 0.996105968952179 , 0.003894028952345252
 0.8892279267311096 , 0.11077211052179337
 0.10236675292253494 , 0.8976332545280457
 0.9998360872268677 , 0.00016390607925131917
 0.6383708715438843 , 0.36162909865379333
 0.14513163268566132 , 0.8548683524131775
 0.99806147813797 , 0.0019384826300665736
 0.8007741570472717 , 0.19922587275505066
 0.99992835521698 , 7.162662950577214e-05
 0.6286247968673706 , 0.3713752329349518
 0.9999566078186035 , 4.33683926530648e-05
 0.8144509196281433 , 0.18554913997650146
 0.9988905787467957 , 0.0011094692163169384
 0.6666668653488159 , 0.3333330750465393
 0.9594156742095947 , 0.04058432951569557
 0.2807287275791168 , 0.7192713022232056
 0.9814208149909973 , 0.018579185009002686
 0.9999096393585205 , 9.032438538270071e-05
 0.8886677026748657 , 0.11133231967687607
 0.9999961853027344 , 3.774694278035895e-06
 0.9778262376785278 , 0.02217373065650463
 1.0 , 2.5671747394540034e-08
 0.9998065829277039 , 0.00019349472131580114
 0.9997543692588806 , 0.0002455847861710936
 0.9031415581703186 , 0.09685848653316498
 0.6551337242126465 , 0.3448662757873535
 0.8853585720062256 , 0.11464137583971024
 0.9935790300369263 , 0.006420915946364403
 0.9772118330001831 , 0.022788213565945625
 0.9998162388801575 , 0.00018383401038590819
 0.9998319149017334 , 0.00016803170728962868
 0.9930226802825928 , 0.0069773378781974316
 0.9723019599914551 , 0.027698051184415817
 0.9042524695396423 , 0.09574750810861588
 0.9224219918251038 , 0.07757795602083206
 0.6391916275024414 , 0.3608083724975586
 0.11608525365591049 , 0.8839147090911865
 0.8684154152870178 , 0.13158459961414337
 0.8268256187438965 , 0.1731743961572647
 1.0 , 8.538797224844075e-09
 0.9994402527809143 , 0.0005597773706540465
 0.9284478425979614 , 0.0715520977973938
 0.9995133876800537 , 0.000486620090669021
 0.9999713897705078 , 2.866403156076558e-05
 0.9064781665802002 , 0.09352182596921921
 0.6722140908241272 , 0.3277859389781952
 0.9504508376121521 , 0.04954913631081581
 0.9121196866035461 , 0.08788032084703445
 0.9917500615119934 , 0.0082498574629426
 0.9970793724060059 , 0.0029206336475908756
 0.9997031092643738 , 0.00029682402964681387
 0.9939689636230469 , 0.006031037773936987
 0.9999988079071045 , 1.1820151257779798e-06
 0.9999936819076538 , 6.321726687019691e-06
 0.9994375109672546 , 0.0005624122568406165
 0.999058187007904 , 0.0009417806286364794
 0.9999998807907104 , 7.527319922928655e-08
 0.9871663451194763 , 0.012833591550588608
 0.29775169491767883 , 0.7022482752799988
 1.787980363587849e-05 , 0.9999821186065674
 0.014219698496162891 , 0.9857802987098694
 5.3464296797756106e-05 , 0.9999464750289917
 0.0059075504541397095 , 0.9940924048423767
 0.0021441448479890823 , 0.9978558421134949
 0.010844126343727112 , 0.9891559481620789
 0.005600722972303629 , 0.9943992495536804
 0.004791972693055868 , 0.9952079653739929
 0.06952201575040817 , 0.9304779767990112
 0.11320064961910248 , 0.8867993950843811
 4.454221198102459e-05 , 0.999955415725708
 0.0051567889750003815 , 0.9948431253433228
 0.00026305593200959265 , 0.9997369647026062
 0.01007852889597416 , 0.9899214506149292
 0.054945509880781174 , 0.9450544714927673
 0.006223928648978472 , 0.9937760829925537
 0.00030033677467145026 , 0.9996997117996216
 0.019711097702383995 , 0.9802889227867126
 0.0011959722032770514 , 0.998803973197937
 0.003595600835978985 , 0.9964044094085693
 0.5495366454124451 , 0.45046335458755493
 0.0009722720133140683 , 0.9990277290344238
 0.0016179680824279785 , 0.9983820915222168
 0.000235550498473458 , 0.9997645020484924
 0.0008899723179638386 , 0.9991100430488586
 0.01059894822537899 , 0.9894010424613953
 0.0010051736608147621 , 0.9989948868751526
 0.001437254948541522 , 0.998562753200531
 0.057697758078575134 , 0.9423022270202637
 0.027472196146845818 , 0.9725278615951538
 0.04928852245211601 , 0.9507114291191101
 0.024390453472733498 , 0.975609540939331
 0.9053019881248474 , 0.09469804167747498
 0.030701035633683205 , 0.9692989587783813
 0.0013314023381099105 , 0.9986685514450073
 0.8061922788619995 , 0.19380775094032288
 0.06095549836754799 , 0.9390444755554199
 0.005552601534873247 , 0.9944473505020142
 0.02597717195749283 , 0.9740228056907654
 0.10044170916080475 , 0.8995583057403564
 0.9083913564682007 , 0.0916086733341217
 0.00026473437901586294 , 0.9997352957725525
 0.0019861175678670406 , 0.9980138540267944
 0.06269258260726929 , 0.9373074173927307
 0.9387843608856201 , 0.061215609312057495
 6.69529572405736e-06 , 0.9999933242797852
 3.4051205147989094e-05 , 0.9999659061431885
 0.15885041654109955 , 0.8411495685577393
 0.005807466339319944 , 0.9941925406455994
 0.0008819375652819872 , 0.9991180300712585
 0.11050934344530106 , 0.8894906044006348
 0.02480711042881012 , 0.9751928448677063
 0.04491725564002991 , 0.9550827145576477
 0.000151459316839464 , 0.999848484992981
 0.13839034736156464 , 0.861609697341919
 0.0004763315082527697 , 0.9995236396789551
 0.014771910384297371 , 0.9852280616760254
 0.20104198157787323 , 0.7989579439163208
 0.006200833711773157 , 0.9937991499900818
 0.9225624203681946 , 0.07743760198354721
 0.011852244846522808 , 0.9881477952003479
 8.079031977104023e-05 , 0.9999191761016846
 0.28407156467437744 , 0.7159284353256226
 0.07434312254190445 , 0.9256568551063538
 0.01631275750696659 , 0.9836872220039368
 0.1080721765756607 , 0.8919278383255005
 4.90279562654905e-05 , 0.9999510049819946
 0.007730111945420504 , 0.9922698736190796
 0.012438678182661533 , 0.9875613451004028
 0.00010424313950352371 , 0.9998956918716431
 2.8156666303402744e-05 , 0.999971866607666
 0.28407156467437744 , 0.7159284353256226
 0.007269677706062794 , 0.9927303194999695
 0.08280500769615173 , 0.9171950221061707
 0.004904940724372864 , 0.9950951337814331
 0.015085255727171898 , 0.9849147796630859
 0.011794132180511951 , 0.9882059097290039
 0.23767349123954773 , 0.7623264789581299
 0.029378274455666542 , 0.9706217050552368
 0.0028233458288013935 , 0.9971766471862793
 0.16358155012130737 , 0.8364184498786926
 0.06847166270017624 , 0.9315283298492432
 0.03201255202293396 , 0.9679874181747437
 0.055840108543634415 , 0.9441599249839783
 0.9956066012382507 , 0.004393387585878372
 0.9994553923606873 , 0.0005445939023047686
 0.9982537627220154 , 0.0017462073592469096
 0.9994613528251648 , 0.0005387068376876414
 0.9863271713256836 , 0.013672779314219952
 0.8684701323509216 , 0.1315298229455948
 0.9883208274841309 , 0.011679242365062237
 0.99958735704422 , 0.0004126841959077865
 3.2467785331391497e-06 , 0.9999967813491821
 0.0010274285450577736 , 0.9989725351333618
 0.00015189840632956475 , 0.9998481273651123
 0.0007729151984676719 , 0.9992270469665527
 6.586168456124142e-05 , 0.9999340772628784
 2.3392636649077758e-05 , 0.999976634979248
 0.0005673727137036622 , 0.9994326233863831
 3.739802195923403e-05 , 0.999962568283081
 0.00462101586163044 , 0.9953789710998535
 3.76938478439115e-05 , 0.999962329864502
 0.9066288471221924 , 0.09337109327316284
 0.953298032283783 , 0.04670197144150734
 0.3605722188949585 , 0.6394277811050415
 0.9627922773361206 , 0.03720767796039581
 0.8038265705108643 , 0.19617339968681335
 0.932227611541748 , 0.06777241080999374
 0.57523113489151 , 0.4247688353061676
 0.9058781862258911 , 0.09412175416946411
 0.9698672890663147 , 0.030132677406072617
 0.19905932247638702 , 0.8009406924247742
 0.9834693670272827 , 0.01653069630265236
 0.9656652808189392 , 0.0343347042798996
 0.9357268810272217 , 0.06427318602800369
 0.9901238083839417 , 0.009876260533928871
 0.962515115737915 , 0.037484921514987946
-9999,-9999
-9999,-9999
 0.12197849154472351 , 0.8780215382575989
 0.401024729013443 , 0.5989753007888794
 0.8969722390174866 , 0.10302772372961044
 0.9664192795753479 , 0.0335807278752327
 0.8932124972343445 , 0.10678745061159134
 0.9423659443855286 , 0.05763401463627815
 0.9977155923843384 , 0.002284437185153365
 0.9481319785118103 , 0.05186799541115761
 0.9029099941253662 , 0.09709006547927856
 0.7058295011520386 , 0.29417046904563904
 0.7011886239051819 , 0.2988113462924957
 0.9623718857765198 , 0.037628114223480225
 0.9791963696479797 , 0.020803621038794518
 0.6637635827064514 , 0.3362363874912262
 0.900499165058136 , 0.09950089454650879
 0.9936363697052002 , 0.006363652180880308
 0.9929454922676086 , 0.007054493296891451
 0.9922486543655396 , 0.007751328870654106
 0.9863244891166687 , 0.013675513677299023
 0.8098447322845459 , 0.19015531241893768
 0.9355425834655762 , 0.06445745378732681
 0.9870100021362305 , 0.012989947572350502
 0.9999078512191772 , 9.215473983203992e-05
 0.9909394979476929 , 0.00906055886298418
 0.9994491934776306 , 0.0005507690366357565
 0.9787719249725342 , 0.021228002384305
 0.9965033531188965 , 0.0034966664388775826
 0.9977026581764221 , 0.0022974079474806786
 0.994438648223877 , 0.005561408586800098
 0.9997277855873108 , 0.0002722018398344517
 0.034361474215984344 , 0.9656385183334351
 0.018548069521784782 , 0.9814519286155701
 0.15051421523094177 , 0.8494858145713806
 0.9593168497085571 , 0.04068312421441078
 0.007167442236095667 , 0.9928325414657593
 0.7868364453315735 , 0.2131635695695877
 0.6351722478866577 , 0.36482781171798706
 0.0801100954413414 , 0.9198899269104004
 0.04556987062096596 , 0.9544301629066467
 0.0004480534989852458 , 0.9995519518852234
 0.907279372215271 , 0.09272058308124542
 0.008438019081950188 , 0.9915619492530823
 0.08783450722694397 , 0.9121655225753784
 0.0002460223622620106 , 0.999754011631012
 0.0002655002463143319 , 0.9997344613075256
 0.9396002292633057 , 0.060399774461984634
 0.005422268994152546 , 0.9945777654647827
 0.00032270682277157903 , 0.999677300453186
 0.0719766914844513 , 0.9280233383178711
 4.673813600675203e-05 , 0.9999532699584961
 0.0024254494346678257 , 0.997574508190155
 0.0024254494346678257 , 0.997574508190155
 0.06472455710172653 , 0.9352754354476929
 0.24527479708194733 , 0.7547251582145691
 0.0051293689757585526 , 0.994870662689209
 0.5151621699333191 , 0.4848378300666809
 0.0010138351935893297 , 0.9989861845970154
 0.0027544903568923473 , 0.9972455501556396
 0.20215730369091034 , 0.7978427410125732
 0.0012138544116169214 , 0.9987861514091492
 0.07488036155700684 , 0.9251195788383484
 0.0015161032788455486 , 0.9984839558601379
 0.0032149727921932936 , 0.996785044670105
 0.014938677661120892 , 0.9850613474845886
 0.004927160684019327 , 0.9950727820396423
 0.14164437353610992 , 0.8583555817604065
 0.07979462295770645 , 0.9202054142951965
 0.2586623430252075 , 0.7413376569747925
 0.00019734584202524275 , 0.9998026490211487
 0.0035809918772429228 , 0.9964190721511841
 0.0007628342136740685 , 0.9992371797561646
 0.06179119646549225 , 0.9382088780403137
 0.010779248550534248 , 0.9892207980155945
 0.26964715123176575 , 0.7303528785705566
 0.014662346802651882 , 0.9853376746177673
 0.6627838015556335 , 0.33721622824668884
 0.0005354686290957034 , 0.9994645714759827
 0.00029979294049553573 , 0.9997001886367798
 0.001076949411071837 , 0.9989230036735535
 0.678554117679596 , 0.3214457929134369
 8.787225669948384e-05 , 0.9999121427536011
 0.09218215197324753 , 0.9078178405761719
 0.00015165787772275507 , 0.9998483657836914
 0.09057355672121048 , 0.9094264507293701
 0.2376665323972702 , 0.7623335123062134
 0.04444971680641174 , 0.9555503129959106
 0.15733188390731812 , 0.8426681160926819
 0.011703572236001492 , 0.9882964491844177
 0.0005190737429074943 , 0.9994809031486511
 0.04482749104499817 , 0.9551725387573242
 0.010576924309134483 , 0.9894230961799622
 0.006119880825281143 , 0.9938801527023315
 0.01976064406335354 , 0.9802393317222595
 0.00010981267405441031 , 0.9998902082443237
 0.42546990513801575 , 0.5745301842689514
 0.21907125413417816 , 0.7809287905693054
 0.0009938613511621952 , 0.9990062117576599
 0.018270473927259445 , 0.9817295670509338
 0.09537969529628754 , 0.9046202898025513
 0.009568202309310436 , 0.9904318451881409
 0.3082951307296753 , 0.6917048692703247
 0.10182007402181625 , 0.8981799483299255
 0.06049656122922897 , 0.9395034313201904
 0.00867487397044897 , 0.9913251399993896
 0.0029831368010491133 , 0.9970169067382812
 3.356159868417308e-05 , 0.9999663829803467
 0.12721659243106842 , 0.8727834224700928
 0.03424306958913803 , 0.965756893157959
 0.0029955690260976553 , 0.9970044493675232
 0.13028424978256226 , 0.869715690612793
 0.012808673083782196 , 0.9871913194656372
 0.024763934314250946 , 0.9752360582351685
 0.01733994297683239 , 0.9826599955558777
 0.0024035838432610035 , 0.9975964426994324
 0.008975854143500328 , 0.9910241365432739
 0.00032526275026611984 , 0.9996747970581055
 0.0012947225477546453 , 0.998705267906189
 0.08931507170200348 , 0.9106848835945129
